청주대,20220601,20220602
나로호,20220610,20220617
청주대,20220101,20220102
청주대,20220601,20220602
나로호,20220610,20220613
청주대,20220703,20220704
청주대,20220705,20220706
충북대,20220505,20220506
청주대,20220703,20220705
청주대,20220703,20220704
청주대,20220703,20220710
한동훈,20220625,20220630
한동훈,20220625,20220630
청주대,20220703,20220704
한동훈,20220625,20220630
한동훈,20220626,20220630
충청북도,20220701,20220715
한동훈,20220625,20220630
한동훈,20220625,20220630
한동훈,20220625,20220630
한동훈,20220625,20220630
한동훈,20220625,20220630
한동훈,20220625,20220630
한동훈,20220625,20220630
한동훈,20220625,20220630
한동훈,20220625,20220630
한동훈,20220625,20220630
나사,20220102,20220103
한동훈,20220701,20220703
한동훈,20220701,20220703
한동훈,20220701,20220703
청주대학교,20220601,20220630
청주시,20220701,20220714
누리호,20220701,20220707
누리호,20220701,20220707
한동훈,20220625,20220627
한동훈,20220626,20220629
한동훈,20220626,20220629
토트넘,20220709,20220711
토트넘,20220709,20220711
한동훈,20220625,20220630
한동훈,20220625,20220630
누리호,20220629,20220702
누리호,20220629,20220702
누리호,20220629,20220702
